<!--
  ~ Copyright 2000-2020 JetBrains s.r.o.
  ~
  ~ Licensed under the Apache License, Version 2.0 (the "License");
  ~ you may not use this file except in compliance with the License.
  ~ You may obtain a copy of the License at
  ~
  ~ http://www.apache.org/licenses/LICENSE-2.0
  ~
  ~ Unless required by applicable law or agreed to in writing, software
  ~ distributed under the License is distributed on an "AS IS" BASIS,
  ~ WITHOUT WARRANTIES OR CONDITIONS OF ANY KIND, either express or implied.
  ~ See the License for the specific language governing permissions and
  ~ limitations under the License.
  -->

<teamcity-plugin xmlns:xsi="http://www.w3.org/2001/XMLSchema-instance"
                 xsi:noNamespaceSchemaLocation="urn:shemas-jetbrains-com:teamcity-plugin-v1-xml">
    <info>
        <name>aws-ecs-plugin</name>
        <display-name>Amazon Elastic Container Service Support</display-name>
        <version>SNAPSHOT-20200903204713</version>
        <description>Allows running TeamCity build agents on Amazon Elastic Container Service</description>
        <vendor>
            <name>JetBrains</name>
            <url>https://www.jetbrains.com</url>
        </vendor>
    </info>
    <deployment use-separate-classloader="true"/>
</teamcity-plugin>
